rank,domain
1,google.com
2,youtube.com
3,facebook.com
4,twitter.com
5,x.com
6,instagram.com
7,linkedin.com
8,github.com
9,microsoft.com
10,apple.com
11,amazon.com
12,netflix.com
13,reddit.com
14,wikipedia.org
15,yahoo.com
16,twitch.tv
17,discord.com
18,paypal.com
19,ebay.com
20,walmart.com
21,spotify.com
22,airbnb.com
23,uber.com
24,lyft.com
25,dropbox.com
26,adobe.com
27,office.com
28,outlook.com
29,live.com
30,hotmail.com
31,gmail.com
32,whatsapp.com
33,telegram.org
34,snapchat.com
35,tiktok.com
36,pinterest.com
37,tumblr.com
38,wordpress.com
39,blogger.com
40,medium.com
41,quora.com
42,stackoverflow.com
43,soundcloud.com
44,doordash.com
45,grubhub.com
46,yelp.com
47,tripadvisor.com
48,booking.com
49,expedia.com
50,hotels.com
51,etsy.com
52,shopify.com
53,aliexpress.com
54,alibaba.com
55,wish.com
56,target.com
57,bestbuy.com
58,homedepot.com
59,costco.com
60,lowes.com
61,macys.com
62,nordstrom.com
63,gap.com
64,zara.com
65,hm.com
66,nike.com
67,adidas.com
68,steam.com
69,ea.com
70,epicgames.com
71,roblox.com
72,minecraft.net
73,blizzard.com
74,playstation.com
75,xbox.com
76,nintendo.com
77,craigslist.org
78,indeed.com
79,glassdoor.com
80,monster.com
81,ziprecruiter.com
82,remoteok.com
83,fiverr.com
84,freelancer.com
85,upwork.com
86,patreon.com
87,kickstarter.com
88,indiegogo.com
89,gofundme.com
90,venmo.com
91,cashapp.com
92,zelle.com
93,stripe.com
94,square.com
95,intuit.com
96,turbotax.com
97,fidelity.com
98,schwab.com
99,vanguard.com
100,robinhood.com
101,etrade.com
102,tdameritrade.com
103,capitalone.com
104,discover.com
105,americanexpress.com
106,visa.com
107,mastercard.com
108,chase.com
109,bankofamerica.com
110,wellsfargo.com
111,citibank.com
112,coinbase.com
113,binance.com
114,salesforce.com
115,slack.com
116,zoom.us
117,canva.com
118,figma.com
119,notion.so
120,atlassian.com
121,trello.com
122,asana.com
123,clickup.com
124,monday.com
125,airtable.com
126,hubspot.com
127,mailchimp.com
128,sendgrid.com
129,twilio.com
130,cloudflare.com
131,godaddy.com
132,namecheap.com
133,digitalocean.com
134,heroku.com
135,vercel.com
136,netlify.com
137,aws.amazon.com
138,azure.microsoft.com
139,cloud.google.com
140,oracle.com
141,sap.com
142,ibm.com
143,hp.com
144,dell.com
145,lenovo.com
146,samsung.com
147,lg.com
148,sony.com
149,panasonic.com
150,toshiba.com
151,qualcomm.com
152,intel.com
153,amd.com
154,nvidia.com
155,cisco.com
156,vmware.com
157,mcafee.com
158,symantec.com
159,norton.com
160,kaspersky.com
161,malwarebytes.com
162,avast.com
163,avg.com
164,bitdefender.com
165,eset.com
166,paloaltonetworks.com
167,crowdstrike.com
168,okta.com
169,auth0.com
170,1password.com
171,lastpass.com
172,dashlane.com
173,bitwarden.com
174,mozilla.org
175,opera.com
176,brave.com
177,vivaldi.com
178,protonmail.com
179,protonvpn.com
180,nordvpn.com
181,expressvpn.com
182,surfshark.com
183,namecheap.com
184,bluehost.com
185,hostgator.com
186,siteground.com
187,dreamhost.com
188,ionos.com
189,wix.com
190,squarespace.com
191,weebly.com
192,duda.co
193,webflow.com
194,ghost.org
195,hugo.io
196,gatsby.com
197,nextjs.org
198,react.dev
199,vuejs.org
200,angular.io
201,svelte.dev
202,nuxt.com
203,remix.run
204,tailwindcss.com
205,bootstrap.com
206,jquery.com
207,lodash.com
208,npmjs.com
209,pypi.org
210,crates.io
211,nuget.org
212,packagist.org
213,rubygems.org
214,mvnrepository.com
215,docker.com
216,kubernetes.io
217,jenkins.io
218,gitlab.com
219,bitbucket.org
220,jfrog.com
221,circleci.com
222,travisci.com
223,semaphoreci.com
224,postman.com
225,insomnia.rest
226,swagger.io
227,graphql.org
228,restapi.com
229,openai.com
230,anthropic.com
231,huggingface.co
232,deepmind.com
233,mistral.ai
234,cohere.com
235,stability.ai
236,midjourney.com
237,dall-e.com
238,runway.ml
239,elevenlabs.io
240,cnn.com
241,bbc.com
242,nytimes.com
243,washingtonpost.com
244,theguardian.com
245,reuters.com
246,apnews.com
247,forbes.com
248,businessinsider.com
249,techcrunch.com
250,theverge.com
251,wired.com
252,arstechnica.com
253,engadget.com
254,cnet.com
255,pcmag.com
256,tomshardware.com
257,anandtech.com
258,extremetech.com
259,slashdot.org
260,hackernews.com
261,producthunt.com
262,hacker.news
263,dev.to
264,hashnode.com
265,css-tricks.com
266,smashingmagazine.com
267,a11yproject.com
268,web.dev
269,mdn.mozilla.org
270,w3schools.com
271,w3.org
272,iana.org
273,ietf.org
274,icann.org
275,internic.net
276,letsencrypt.org
277,digicert.com
278,sectigo.com
279,globalsign.com
280,verisign.com
281,godaddy.com
282,register.com
283,network-solutions.com
284,1and1.com
285,ovh.com
286,hetzner.com
287,linode.com
288,vultr.com
289,scaleway.com
290,upcloud.com
291,contabo.com
292,kamatera.com
293,rackspace.com
294,fastly.com
295,akamai.com
296,cloudfront.net
297,maxcdn.com
298,bunnycdn.com
299,keycdn.com
300,stackpath.com
301,cPanel.net
302,plesk.com
303,whm.net
304,cpanel.com
305,webmin.com
306,directadmin.com
307,wordpress.org
308,drupal.org
309,joomla.org
310,magento.com
311,opencart.com
312,prestashop.com
313,woocommerce.com
314,bigcommerce.com
315,volusion.com
316,shopware.com
317,oscommerce.com
318,zen-cart.com
319,quickbooks.com
320,freshbooks.com
321,wave.com
322,xero.com
323,sage.com
324,netsuite.com
325,zoho.com
326,freshdesk.com
327,zendesk.com
328,intercom.com
329,drift.com
330,livechat.com
331,tawk.to
332,crisp.chat
333,help.scout.com
334,helpscout.com
335,pipedrive.com
336,close.com
337,clickfunnels.com
338,leadpages.com
339,unbounce.com
340,instapage.com
341,optimizely.com
342,vwo.com
343,hotjar.com
344,crazyegg.com
345,fullstory.com
346,mixpanel.com
347,amplitude.com
348,segment.com
349,heap.io
350,pendo.io
351,gainsight.com
352,totango.com
353,churnzero.com
354,customerio.com
355,sendbird.com
356,agora.io
357,vonage.com
358,plivo.com
359,bandwidth.com
360,messagebird.com
361,mailgun.com
362,sparkpost.com
363,postmark.com
364,mandrill.com
365,constantcontact.com
366,campaign-monitor.com
367,aweber.com
368,convertkit.com
369,activecampaign.com
370,klaviyo.com
371,omnisend.com
372,drip.com
373,brevo.com
374,moosend.com
375,getresponse.com
376,benchmark.com
377,icontact.com
378,dotdigital.com
379,braintree.com
380,authorize.net
381,paygarden.com
382,payoneer.com
383,payza.com
384,skrill.com
385,neteller.com
386,payeer.com
387,2checkout.com
388,worldpay.com
389,adyen.com
390,klarna.com
391,afterpay.com
392,sezzle.com
393,quadpay.com
394,affirm.com
395,splitit.com
396,billdesk.com
397,razorpay.com
398,paytm.com
399,phonepe.com
400,gpay.com
401,googlepay.com
402,applepay.com
403,samsungpay.com
404,alipay.com
405,wechat.com
406,weixin.com
407,baidu.com
408,weibo.com
409,qq.com
410,taobao.com
411,jd.com
412,tmall.com
413,meituan.com
414,didi.com
415,bilibili.com
416,youku.com
417,iqiyi.com
418,tencent.com
419,bytedance.com
420,xiaomi.com
421,huawei.com
422,oppo.com
423,vivo.com
424,oneplus.com
425,realme.com
426,motorola.com
427,nokia.com
428,htc.com
429,blackberry.com
430,zte.com
431,cricket.com
432,boost.com
433,metro.com
434,straighttalk.com
435,consumer.att.com
436,att.com
437,verizon.com
438,tmobile.com
439,sprint.com
440,xfinity.com
441,comcast.com
442,charter.com
443,spectrum.com
444,cox.com
445,centurylink.com
446,windstream.com
447,earthlink.net
448,frontier.com
449,mediacom.com
450,cincinnatibell.com
451,consolidated.com
452,ting.com
453,fi.google.com
454,mint.com
455,intuit.mint.com
456,creditkarma.com
457,nerdwallet.com
458,bankrate.com
459,experian.com
460,equifax.com
461,transunion.com
462,annualcreditreport.com
463,myfico.com
464,creditwise.com
465,wallethub.com
466,lendingtree.com
467,creditsesame.com
468,sofi.com
469,marcus.com
470,ally.com
471,synchrony.com
472,usaa.com
473,navyfederal.org
474,penfed.org
475,alliant.com
476,barclays.com
477,hsbc.com
478,santander.com
479,lloyds.com
480,natwest.com
481,rbs.com
482,halifax.com
483,tsb.com
484,nationwide.com
485,monzo.com
486,revolut.com
487,starling.com
488,n26.com
489,chime.com
490,dave.com
491,current.com
492,varo.com
493,go2bank.com
494,greenlight.com
495,famzoo.com
496,greenaddress.it
497,blockchain.com
498,bittrex.com
499,kraken.com
500,gemini.com
501,ftx.com
502,okx.com
503,bybit.com
504,kucoin.com
505,gate.io
506,huobi.com
507,crypto.com
508,nexo.io
509,celsius.network
510,blockfi.com
511,metamask.io
512,phantom.app
513,trust.wallet
514,ledger.com
515,trezor.io
516,exodus.com
517,myetherwallet.com
518,etherscan.io
519,bscscan.com
520,polygonscan.com
521,opensea.io
522,rarible.com
523,niftygateway.com
524,foundation.app
525,superrare.com
526,makersplace.com
527,zora.co
528,mirror.xyz
529,medium.com
530,substack.com
531,ghost.org
532,wordpress.com
533,blogger.com
534,typepad.com
535,livejournal.com
536,vox.com
537,slate.com
538,salon.com
539,theatlantic.com
540,newyorker.com
541,economist.com
542,ft.com
543,bloomberg.com
544,marketwatch.com
545,cnbc.com
546,foxnews.com
547,msnbc.com
548,abcnews.go.com
549,cbsnews.com
550,nbcnews.com
551,usatoday.com
552,latimes.com
553,chicagotribune.com
554,bostonglobe.com
555,sfgate.com
556,seattletimes.com
557,miamiherald.com
558,dallasnews.com
559,denverpost.com
560,oregonlive.com
561,cleveland.com
562,nj.com
563,newsday.com
564,startribune.com
565,stltoday.com
566,azcentral.com
567,sacbee.com
568,kansascity.com
569,al.com
570,dispatch.com
571,courier-journal.com
572,timesunion.com
573,providencejournal.com
574,deseretnews.com
575,richmond.com
576,spokesman.com
577,oklahoman.com
578,app.com
579,greenbaypressgazette.com
580,statesman.com
581,indystar.com
582,courier-news.com
583,asbury-park-press.com
584,delawareonline.com
585,greatfallstribune.com
586,newarkadvocate.com
587,tuscaloosanews.com
588,gainesville.com
589,knoxnews.com
590,jacksonsun.com
591,commercialappeal.com
592,courier.com
593,oshkoshorthwestern.com
594,postcrescent.com
595,sheboyganpress.com
596,stevenspointjournal.com
597,marshfieldnewsherald.com
598,wausaudailyherald.com
599,usatoday.com
600,gannett.com
